,id,created_utc,title,selftext,subreddit,subreddit_id,url
0,om0xuq,1626513450,"For a week I replied to every man who messaged outside of my preferences if they read my bio which states the age group I want and no nudes/s****l messages. It just showed me that there are a lot of either insecure, disrespectful, self-important, creepy/r*** and nasty men in my area.",[removed],dating,t5_2qhb1,https://www.reddit.com/r/dating/comments/om0xuq/for_a_week_i_replied_to_every_man_who_messaged/
1,om0ydm,1626513528,Relationship,[removed],dating,t5_2qhb1,https://www.reddit.com/r/dating/comments/om0ydm/relationship/
2,om12vc,1626514218,Opinion on doggy position for losing virginity,Is doggy a good position for losing your virginity?,dating,t5_2qhb1,https://www.reddit.com/r/dating/comments/om12vc/opinion_on_doggy_position_for_losing_virginity/
3,om16kx,1626514776,"She finally agreed to go on a date with me next week, what to plan ahead?","Long story alert‚Ä¶

I‚Äôve (M) been attracted to this lady since last week, when she helped me and my friends starting on a new mobile career plan, on installment and new phones. The whole thing was pretty messy at the beginning but she handled the whole thing so gracefully I instantly fell for her. 

The whole time she was having small talks with all of us, we exchanged generic informations, but no social media ID or contact. The whole process took around 3hours and when everything was finished, she came along to the exit door and when my friends entered the car, I asked her out, and she said maybe. 

I never knew what to say when you face a maybe, so I blurted, ‚Äúso what do I do now?‚Äù

Luckily enough, she said, ‚Äúyou should wait patiently!‚Äù

I took it as a challenge. 

Fortunately, the career shift wasn‚Äôt smooth, so I had to go the store a few times around the week, along with some other necessities, which allowed me to talk to her and know more about each other, and finally today, I asked her again, how do I change the Maybe to an Yes. She smiled, and said she doesn‚Äôt know, as she‚Äôs taking summer classes and has work. 

I said, a 30mins won‚Äôt do much harm, and I‚Äôm taking the same courses in her department so I know the deal.

She smiled again, and said, okay next week!

I told her, I know which days you work, Tuesday, and Friday, and another day I‚Äôm missing, and she corrected, Wednesday.

I said I came here Wednesday, you weren‚Äôt there, and then she corrected me again, she works in the morning that day. 

So I said see you next week and left the store. 

I didn‚Äôt stop there. I noticed she was having a cold problem, so I went to Starbucks, bought a hot chocolate, and went back to store. That time she was assisting other customer, and when she was done, she came to me, and I handed her the cup. 

She was genuinely happy, I could see that. 

And when I was going back, I turned back, and said, see you next week, and she gracefully said the same too. 

Now that I can say, I am going to have a date NEXT WEEK, what should I plan ahead?

At first, which day should I choose?

As I haven‚Äôt taken her number yet, because I feel this is a very personal information, so my only to pick her is to meet her in the store on her work days. 

Plus, what else should I plan ahead? I hear people say do not go on lunch/dinner on the first date. But as I am from a different culture (Indian Subcontinent) I wish to take her to an Indian Restaurant nearby which is pretty good. 

Seeking advice from experts. Thanks. 

TL;DR Cellular store Lady finally agreed to go on a date next week. Only way to pick her up is to meet her in store. She works Tuesday Friday and Wednesday (morning shift). Need advice on which day to choose, and what to plan ahead before the date.",dating,t5_2qhb1,https://www.reddit.com/r/dating/comments/om16kx/she_finally_agreed_to_go_on_a_date_with_me_next/
4,om16o9,1626514790,*LONG* FWB Debacle (23M),"
I‚Äôve been lurking the past few days because of my own unaddressed trauma so I‚Äôll share.  

Matched with a girl on tinder (18f) who was super cute with great pics. Got off tinder fast to Snapchat, she quickly turned things sexual and we hooked up pretty quick. I‚Äôm no ladies man I‚Äôm just decently attractive and fit, I also have anxiety problems like the average zoomer. I feel like a mistake I made early on was answering her question of how many partners ive had. I told her the truth which was 2 at the time, she would be the third. She told me I would be her tenth which I genuinely do not and still do not have a problem with. She also told me she didn‚Äôt want a relationship, which at first disappointed me but I became okay with it as long as she was actually a friend to me.

We had amazing, mind blowing sex as in my **** was chafed after doing it for an hour or two. Had her orgasm in the double digits from foreplay and the real thing. Genuinely best sex ive had. She told me the same as most of the guys she‚Äôd slept with had been one time things that were bad.

Great I‚Äôm looking forward to this new hot friend who I can fuck (lol). She told me she had mental health issues and I‚Äôm the type of person who cares for people they are intimate with even in this situation, so I would support her when she was sad etc. I can‚Äôt express how sincere I was with that, I have mental health problems myself and trauma from my past. 

Fast forward because this is getting rambly, anytime I would bring up my own problems I would get literally zero response. She would actually ignore what I said to snap me some cute photo. She would tell me she didn‚Äôt want a relationship when I would bring up that that was unfair to me as if I was asking for a relationship, then use BPD as an excuse for any bad behavior as if she has no responsibility for her actions. 

I would ask her to hang out and she would always insist on letting me know vaguely at some point in the future with no consideration of my time (happened over ten times). I just genuinely wanted to see her as a friend. Obviously I cared much more than she did. But she would always tell me how much she cared about me and my feelings, it‚Äôs like she was a different person when we talked on the phone versus Snapchat and text. I called off an overtime shift once to see her after we verbally made plans on FaceTime just for her to cancel last minute so she could hang out with her friends.

She was only 15 minutes away from me and could only make time to see me barely once a month. Continuously claim she doesn‚Äôt want a relationship when I would bring up how inconsiderate some of this behavior was, randomly ask me about my exes and if she was hotter than her, grilling me if I fucked any girls when I went on vacation. I cut her off a few times for several weeks because of this behavior but I would always let her back in when she would text me because she was cool in person.

The last straw was her trying to humiliate me when she cancelled on me last minute again. She told me she couldn‚Äôt come that day after work because she felt sick. We had made very explicit plans over FaceTime, there was no doubt about these plans I‚Äôm just expendable. Okay,we keep chatting and try to make another plan for later in the week. I end up FaceTiming because it would be easier and she is dolled up in her car going to see her friend. Then she said ‚Äúyou‚Äôre always disappointed/rude when I don‚Äôt end up coming. I never said I would.‚Äù Then she tells me she knows I have feelings for her, it all clicked right then. It was humiliating to feel like this whole time she was using me because she knew I cared more than she did. That she probably told her friends that she had this guy falling for her giving her attention while she had no intention of seeing me just leading me on for the umpteenth time. I was actually talking to other girls at this point so I let her know that as well as remind her I told her we would NEVER be in a relationship because of her behavior. She‚Äôs tells me to go fuck my h-words then. Huh???? FYI when we didn‚Äôt see each other for two months she hooked up with her ex who gave her two stds. I just can‚Äôt win. 

So caring about someone‚Äôs well being and being considerate of others time is considered a relationship now? This is scarring as it makes me want to never open up and care again Just to have it thrown back in my face as if she has power over me because of my good nature. Sorry this was so long",dating,t5_2qhb1,https://www.reddit.com/r/dating/comments/om16o9/long_fwb_debacle_23m/
5,om1757,1626514851,"Let's stop with ""I would never date someone who...""","Hey everyone, sex and relationship coach here:

Yesterday there was a post ""I've decided today I will never date a girl with an onlyfans account""

And I want to talk about how saying this is completely pointless and doesn't do anybody any good.

Can you imagine if everyone starting listing everything they didn't want in a partner?
- I could never date ethnic people
- I could never date lawyers
- I could never date people with dogs
- I could never date blonde women

This is a support group where we all come together and help each other rise towards happiness and inner peace. Focus on what you want, what you think you deserve and how to be assertive with your self respect and your boundaries.

This doesn't include invalidating other people, judging other people, felling superior to other people, being glad you're not like other people, spending your free time thinking about what other people shouldn't do with their lives that are non of your business.

Let's promote well being. Thinking about the positive journey ahead of you.",dating,t5_2qhb1,https://www.reddit.com/r/dating/comments/om1757/lets_stop_with_i_would_never_date_someone_who/
6,om18lv,1626515079,Similar pattern with men I meet,"I‚Äôve been going through some pattern here with men I meet online.

They are usually from a country nearby, employed as an army guy.

Anyways we would talk, then they would visit my country, we would meet. We would spend a great time together, we would have sex, they would treat me as a gf. 

They would already tell me when they are coming next, and they would look mad serious about that. They would tell me they had a great time and would like to progress somewhere slowly. We would still be talking after they are back to their country but just a little less. After some days they would ghost me/block me or even delete their IG accounts (I checked with fake acc) 

So I‚Äôm guessing they do have women there that they possibly cheat on but they are hiding it. I don‚Äôt understand why? They could be fair and told me it‚Äôs just one time thing, I wasn‚Äôt planning to marry them but giving false hopes is so annoying. Also from perspective of their gf‚Äôs, how dare are they?! It makes me not even want to date anyone, I wouldn‚Äôt want to experience this. 

What is your opinion and do you have any similar experience?",dating,t5_2qhb1,https://www.reddit.com/r/dating/comments/om18lv/similar_pattern_with_men_i_meet/
7,om196c,1626515159,When is it the time and place to approach a girl at college?,"So before I (21M) start, yes. I know that my main mission is achieving that degree. I‚Äôm still young though, I can still have fun right lol. I obviously see a lot of attractive girls walking around. My body isn‚Äôt incredibly attractive, YET! But I‚Äôm working through the process with this damn quarantine weight. Anyways, I just can‚Äôt get the timing right when approaching a woman. Parties are actually sorta scarce since COVID at my uni. I‚Äôve heard that you don‚Äôt approach unless they show interest. Although I think you would never know if you don‚Äôt try right? I think I overthink it and always want a clever way to initiate it. Women have heard every corny things under the sun and I want to differentiate myself from that.",dating,t5_2qhb1,https://www.reddit.com/r/dating/comments/om196c/when_is_it_the_time_and_place_to_approach_a_girl/
8,om1c52,1626515616,Webcamming With Friends While Being In A Relationship,"This is my first time ever really being in a relationship. And I would like to know if webcamming, talking on the phone, hanging out alone (not as a group) is okay for either party to do. 

Thanks.",dating,t5_2qhb1,https://www.reddit.com/r/dating/comments/om1c52/webcamming_with_friends_while_being_in_a/
9,om1ezs,1626516020,My old fwb from high school and I started hanging out again after 3 years,"(M, 21) she reached out to me couple of weeks ago and I‚Äôm so happy we were able to catch up over lunch! In high school, we never got the chance to really get to know each other since it was fwb. We‚Äôre both adults now and we‚Äôve had some pretty deep talks. I realize she‚Äôs had a rough upbringing really similar to me and Im getting that feeling like we we‚Äôre just right for each other. She‚Äôs moving out right now so a relationship is probably the last thing on her mind. I don‚Äôt wanna screw it up by confessing my attraction too early or waiting too long. I know I can‚Äôt force love, but we actually have chemistry together and it just seems like a good relationship waiting to happen. Should I just be patient?",dating,t5_2qhb1,https://www.reddit.com/r/dating/comments/om1ezs/my_old_fwb_from_high_school_and_i_started_hanging/
10,om1zob,1626519032,Do I offer to pay for the date booking?,"I (23F) am going on a first date in a couple of days with a guy (23M). He said we will go bowling and he will book the slot in advance. Normally on a first date I will offer to pay my half once we are there, but seeing as this requires booking in advance and you will probably need to pay a deposit or something should I message him and offer to pay or leave him to book it?

Any help or experiences appreciated!",dating,t5_2qhb1,https://www.reddit.com/r/dating/comments/om1zob/do_i_offer_to_pay_for_the_date_booking/
11,om21nz,1626519338,Dating in the military. Age gap,"F/27 here. 
I'll try to be short. I've tried something with an older guy (40), but despite our connection, undeniable chemistry, we end up fighting a lot and now we've decided to take a break from each other. 
They we're some things going on, as follows: 
-we're both in the military, officers. Being a female in the military and a lot younger (inferior rank, obviously) seems to be an issue and I partially understand. Regardless of smart or diplomatic I might be, people will still talk shit about female in the military and that bugs him. The age difference says a lot, as back in the days there were a lot fewer females in the system and he gets to hang out with people his age, listening to their sexist, inappropriate comments, also seeing women using their sex appeal as an advantage and I feel like this gets to be projected on me. We met outside work, so he said often that he can't see me as someone in the military, but we both know that's an issue. I don't know if he can get past it;

-the early jealousy tantrum. He acted all jealous over an incident I mentioned happened after first encounter. We didn't kiss or establish that we're dating at that point and the situation went from 1 to 100 really fast and he was constantly bringing that up, although I was telling him constantly that i was owning him anything back then. He just projected on me his plans and dreams and me not going that fast just triggered his insecurities. Took him months to apologize for being out of the line;

-communication styles. We don't communicate in the same way. I try not to take things personally, but I feel like sometimes he's patronizing me and I told him that. I don't have a problem with constructive criticism and arguments, but he called me naive several times, bankrolled eyes at me and there are times when he acts (and verbally mentioned) like he's disappointed. The last fight was on why I dont keep my phone on sight. I told him I get to see him once a week, so i don't need my phone to constantly check, which was entirely true, but he insisted so much on not believing me, on me having something to hide or be ashamed of I started crying in anger and frustration. I think that if that was something bothering him, he should have asked specifically. This is how I do, I point out what bothers me, but he 'wanted to see me act naturally'. This lack of clear communication and acceptance towards natural behavior annoys and frustrates me. 

-I told him once I don't think I can feel loved by someone like him and I know this will stay with him forever. When things are good between us are really good, he treats me nicely, he has manners, he's smart and appealing, but when we disagree on the smallest thing, the power imbalance feels rather obvious. He makes me feel small, naive and patronized, rather than someone with less experience he can tactfully taught, if he wants. And even if there's something I might be be right on, purely theoretical subject, sometimes he takes  my personal opinion like a mind game I'm playing just have a different opinion than his. I just like debates and is not the first time I'm mentioning. 

The question is...why do I keep getting back in this vicious cycle and how do I break it? Does it worth trying again? Is it something that can be fixed using a different approach? 

I do think about him often, but the reasons I mentioned above weight a lot, especially the first one, as is the one completely out of control. He never dated in the system, I can tell he really likes me, not ashamed or scared to go out with me in public, but the system is a trigger for him. He gets annoyed by plenty of aspects work related and being both in it, I can't be avoided permanently. There's a tension between us and sometimes it doesn't feel right. We've been through a lot already and our honeymoon phase was smashed by the early fights on jealosy and system. 

We both struggle with depression, anxiety and various traumas, but we never bonded on those. We expressed our vulnerabilities, but we seem to be unable to treat each other calmly and compassionately. It almost feels like mirroring each other. 

Then how 2 people so similar can't get along and have so much friction between them? 

PS. I apologize. That was a damn long post, but thank you for reading.",dating,t5_2qhb1,https://www.reddit.com/r/dating/comments/om21nz/dating_in_the_military_age_gap/
12,om28jd,1626520261,Mixed messages.,[removed],dating,t5_2qhb1,https://www.reddit.com/r/dating/comments/om28jd/mixed_messages/
13,om2mfj,1626522042,Staring to see woman as objects,"So I've been single for more than a year and i haven't been on a date since my last relationship.
My arrogance has started to be a problem since I've never approached a girl, but all my past relationships I've been approached by the girls. I honestly think that im good looking but my biggest problem is that im really shy (with girls).

I've caught my self thinking that im better than most girls, and only thinking about sex with them. I've even told some that i see them as objects and not wanting anything else than sex. Really cruel I know.
I wasn't like this before, i had female friends and some of them were attracted to me but i acted like i didn't know it and play it off.

Since the pandemic started my exgf broke up with me and that made me really insecure since i always thought she was out of my league but she dumped me anyway (I really cared for her, called her every day, took her out and always payed, told her things I've never told anyone, etc).

That made me feel like I was used and she was with me just for my looks. Now i think that i have a complex that manifests by me treating girls im attracted to poorly.

Any tips on how i  can quench my ego and start beeng more social with girls?",dating,t5_2qhb1,https://www.reddit.com/r/dating/comments/om2mfj/staring_to_see_woman_as_objects/
14,om2pxb,1626522448,Stab me in the eye with a fork!,If you think dating in your 40's is tough. Wait until you are in your 50's. Best bet is to find a younger woman who has daddy issues.,dating,t5_2qhb1,https://www.reddit.com/r/dating/comments/om2pxb/stab_me_in_the_eye_with_a_fork/
15,om2s2b,1626522729,Big date tonight but for some reason I‚Äôm not nervous.,"Tonight I‚Äôm (24 m) going to take out a girl (23 f) I‚Äôve liked for a while. I‚Äôve known her since we were in high school, she‚Äôs one of my sister‚Äôs friends. 

For the first time ever I‚Äôm not nervous before a first date. I feel like we already know each other and I can just be myself tonight and relax a bit. I do like this girl a lot and I hope it goes well but I‚Äôm not nervous.",dating,t5_2qhb1,https://www.reddit.com/r/dating/comments/om2s2b/big_date_tonight_but_for_some_reason_im_not/
16,om2uww,1626523084,Second date ideas,"So I went in a date last night for a couple of drinks and it lasted for about 3 1/2 hours so I feel like it went better than I was expecting, I asked her for a second date and she said yes but I‚Äôm not really sure what to do, I feel like going to dinner would be to similar so I‚Äôm curious as to what all else we could do.",dating,t5_2qhb1,https://www.reddit.com/r/dating/comments/om2uww/second_date_ideas/
17,om363h,1626524353,Subreddits for dating?,I'm looking for subreddits to connext with single people (I'm bisexual). I'm looking to date online right now so any subreddits made for dating will be really helpful. Thanks!,dating,t5_2qhb1,https://www.reddit.com/r/dating/comments/om363h/subreddits_for_dating/
18,om394j,1626524666,Not interested,"So basically I'm a little more than upset because of one of my ex's. She said she wanted to talk and hang out as friends in my mind. But she doesn't want to be friends I didn't tell her that I was in a relationship with someone else that I actually wanted to be with but she only cares about if she's dating me and now I look like a cheater because I know my ex's probably said things in her way to get what she wants I love how dump she is for not realizing that I don't want to be with her but now I lost someone that I actually loved And she had the nerve to tell me that we can wait on dating each other for the first time in my life I think I almost lost it and could have said some very nasty things 
I don't care if this is a proper paragraph I really don't maybe in a week or so",dating,t5_2qhb1,https://www.reddit.com/r/dating/comments/om394j/not_interested/
19,om3aqp,1626524870,How do i avoid women with bipolar disorder?,[removed],dating,t5_2qhb1,https://www.reddit.com/r/dating/comments/om3aqp/how_do_i_avoid_women_with_bipolar_disorder/
20,om3boy,1626524985,How do i avoid women with bipolar disorder?,I don‚Äôt hate people with the illness but i just really don‚Äôt want to date one. What are the signs for a women with bipolar disorder?,dating,t5_2qhb1,https://www.reddit.com/r/dating/comments/om3boy/how_do_i_avoid_women_with_bipolar_disorder/
21,om3f2o,1626525381,Is it difficult for some men to give compliments to women?,"I‚Äôve read something that some men find it somewhat difficult to give compliments to women. Is this common to a lot of men? Is it difficult to give compliments to the person you are dating? What should I do if I‚Äôm seeing someone who rarely, if not never, compliments me. Tbh it makes me wonder if he likes me or not. And it‚Äôs too early for a dtr.",dating,t5_2qhb1,https://www.reddit.com/r/dating/comments/om3f2o/is_it_difficult_for_some_men_to_give_compliments/
22,om3i9h,1626525708,"I've been depressed ever since my boyfriend left me...i need someone who will love, care and be loyal to me.",[removed],dating,t5_2qhb1,https://www.reddit.com/r/dating/comments/om3i9h/ive_been_depressed_ever_since_my_boyfriend_left/
23,om3iuf,1626525766,Their mental health has tired me,"My s/o is really mentally ill and it‚Äôs really affecting our relationship

(My partner is non-binary so I will refer to them as s/o)

TW: mentions of sh and suicide

Throw away account since they know my main

Me and my s/o have been dating for 2 and a half years and we‚Äôre both in our late teens, but due to their strict parents we only se each other about twice a month. We both have our fair share of personal problems, mental illnesses, and other challenges we deal with but they are on a different level.

They have depression, anxiety and an ED, but show signs of BPD, Adhd/Autism, schizophrenia, and a couple other things that I can‚Äôt remember.

They come from a family were their father was extremely abusive to them and their mother, both are drunks, smoke a ton, don‚Äôt know how to show affection to their kids ,are terrible when it comes to taking their children to hospitals when they need to be at one ,and don‚Äôt believe their children have any mental illness even when putting them through multiple traumatic experiences when while we were together. I hear them constantly fighting and have heard the father make fun of my s/o‚Äôs cuts and multiple attempts of suicide.

So all around a horrible environment.

Since even before our relationship started I‚Äôve always tried my hardest to be there for them when no one else would, tried my best into talking them out of a lot of things, and as quarantine came around it severely impacted their mental health to where this is the worse I‚Äôve seen them.

Although they have apologized multiple times for the way they are and feel like I would leave them since their ‚Äútoo much baggage‚Äù unfortunately I feel like that‚Äôs what‚Äôs happening.

They now were constantly struggles to get out of bed (often spending full days in bed), never eating, constantly conveying ways that they would want to ‚Äúgo out‚Äù, purposely sending me other people with a better physique, or having aggressive mood swings towards me out of no where. I can‚Äôt even find time to talk to them about my own issues without them bringing up how they have it worse. 

And when they aren‚Äôt doing any of this they‚Äôre completely obsessed with me. Talks of marriage, kids, apartment planning ,stealing my clothing, wanting to look like me and does things that make themselves extremely uncomfortable just to ‚Äúmake me happy‚Äù when usually I beg them not to do so and other things when Im just about to be a young adult next year

I‚Äôve tried my best to accommodate to the best of my abilities to them constantly even when I‚Äôm tired, sick, or emotional/mentally unavailable and after dealing with them so long I feel drained and unhappy with the relationship.

And it doesn‚Äôt help when neither of us have friends anymore so I have no one to vent my stress out to so I‚Äôve just been holding it in and try my best to distract myself whenever I get the opportunity to be alone or off the phone with them. 

I‚Äôm also trying to go into a career of music, but feel like I have to put away my interests since I either get too passionate about it and become ‚Äúannoying‚Äù or just that I have to put their problems first.

At this current moment I feel as if I don‚Äôt care what‚Äôs going on with them anymore and would want to stay single for awhile if we end up splitting.

I really don‚Äôt know what to do anymore and apologies for how this is worded, I‚Äôve never had to type something like this.

TLDR : S/o is extremely mentally ill and I feel unhappy about our current relationship and where it stands

Edit 1: Forgot to mention how they‚Äôve told me multiple times that I‚Äôm the only reason that they‚Äôre alive, for others it you may appreciate but it has put a lot of pressure on me since the beginning of our relationship, all while this being my first true relationship ever",dating,t5_2qhb1,https://www.reddit.com/r/dating/comments/om3iuf/their_mental_health_has_tired_me/
24,om3nfy,1626526297,Workplace adjacent,"The servers from the restaurant next door come into my store all the time. I think they are both cute, and we are starting to chat a little more (they can't stay long usually because they are getting a precious break) 

My question: is it inappropriate to ask out a woman who is technically at work, even though she is not at her place of work at the moment?",dating,t5_2qhb1,https://www.reddit.com/r/dating/comments/om3nfy/workplace_adjacent/
25,om3rts,1626526770,No second date‚Ä¶,"Long story short, there was a girl I met very briefly months ago and since then we have been following each other on Strava. We would always exchange kudos and all that.

Last week I finally got the courage to message her on IG and I suggested that she should join me for a run sometime. Surprisingly she said that it would be really nice and we arranged to go for a run last weekend. after the run I asked her to get coffee with me and she immediately agreed. And I have to say I had the best time with her. The conversation was constantly going, there was no awkwardness or silence at all. She was asking me a lot of personal questions as like she was trying to get to know me better and I was doing the same. There‚Äôs was some banter and mocking of each other. I walked her to the station and she even gave me a hug. 

Naturally after an hour or so I messaged her to say that I had great time talking to her and that it would be nice if we did this again! I also wished her a nice weekend as she was saying how excited she is for other plans she had made. The reply I got from her was not the best and not the one I expected. She only wished me a nice weekend too and didn‚Äôt even acknowledge the previous message‚Ä¶

After a few days and some convincing from my friends that I messaged her again, i message her to ask if she wanted to meet up on the weekend and very quick I got a response saying that she is working on the weekend and can‚Äôt make it. Nothing else, didn‚Äôt propose alternative time, didn‚Äôt try to hold a conversation with me or anything, so I left it there‚Ä¶.

This outcome really made no sense to me so since then all I have been trying to figure out is why that happened. Is it possible that I completely miss read the situation and the date was not actually that great or did i pick the wrong energy from here? Is it me or is it her own issues or sth? Will she text me herself to meet one day? Was this all just an excuse to not see me or just bad timing? 

I mostly wanted to vent here but if anyone has any relevant experience or advice please let me know!",dating,t5_2qhb1,https://www.reddit.com/r/dating/comments/om3rts/no_second_date/
26,om43t4,1626527951,Feeling lonely üòû,[removed],dating,t5_2qhb1,https://www.reddit.com/r/dating/comments/om43t4/feeling_lonely/
27,om4a9s,1626528603,"Are there any ""normal"" women into Asian men?","From what I see the only western women who are into Asian men are social outcasts and losers who got rejected by men of other races and cope with their undesirability by obsessing over anime characters and Kpop idols. I have literally never seen a single well-adjusted, normal girl with normal friends and normal hobbies who even entertained the thought of dating an Asian guy. And that includes western-born Asian girls, they don't seem to exist.",dating,t5_2qhb1,https://www.reddit.com/r/dating/comments/om4a9s/are_there_any_normal_women_into_asian_men/
28,om4i8n,1626529404,It's been a while,"It's been a while since I've dated. I'm only 22 but I want to get back out there, i just haven't dated since highschool. What's the best way to meet someone in the adult dating life?",dating,t5_2qhb1,https://www.reddit.com/r/dating/comments/om4i8n/its_been_a_while/
29,om4lqt,1626529750,"Hello everyone, What should I do?",[removed],dating,t5_2qhb1,https://www.reddit.com/r/dating/comments/om4lqt/hello_everyone_what_should_i_do/
30,om4pin,1626530131,Can someone explain to me how is dating even worth it for a man?,"In order to expend effort on something, there must be a benefit to be obtained - but I don't think there really is much benefit in dating a woman.

Let's look at what would a man expect out of a relationship:

- an emotional connection

You can straight up forget about this one. A woman will never feel anything close to a real ""emotional connection"" to a man when she has 10 other options, ready to replace you in a week.

You cannot feel ""emotional connection"" to someone who you cannot relate to - majority of women have robust social lives and dozens of bodies before they hit 20, while male loneliness is at an all times high. A ""good social life"" to a man would be crippling loneliness to a woman, they are used to being wanted by everyone. How can you relate to someone like that?

- for the partner to put in an equal amount of effort

Will never happen. Women are used to men doing everything: the first approach, carrying the convo, chasing after her, making plans, paying for everything...

Only thing women really offer in a relationship is sex, but that feels good for them too, so can we really consider ""a favor""?

If the man stops putting in all the effort needed to maintain the ""relationship"", then the woman will simply find someone else who will.

- be actually wanted and desired

Not gonna happen for men who dont look like male modes


And for a man to even qualify to *attempt* to date, he must first check a number of physical requirements: height, good looking face, be socially well versed, have income and not be considered a loser by society, fit...

Its all just too much work for no return...",dating,t5_2qhb1,https://www.reddit.com/r/dating/comments/om4pin/can_someone_explain_to_me_how_is_dating_even/
31,om4ral,1626530318,"I (24M)had a friend of a friend (22F) interested in me. Went out yesterday, and there was another guy all over her. Experiences? Any advice?","For the last several months, I‚Äôve been going out with a ‚Äúgirl‚Äîfriend‚Äù we‚Äôre both educators and get along really well. Last weekend, her friend went out with us, she was telling my friend how attractive I was and how she wanted to talk to me. 

I found out later, that she had just gotten out of a 2yr relationship so I was cautious of the situation. We exchanged numbers and have been talking the entire week. She‚Äôs been really trying to get to know me intimately and I quote ‚Äúfighting sleep so she could respond to me‚Äù

I‚Äôm out with my friends last night, and I see her. We hug and talk a little bit. I end up hanging out with her friend group. But there‚Äôs this guy there, that looks like they have something going on between them. Every time however that I‚Äôd look over, she would stop holding his hand if I looked in her direction or she‚Äôd try to get closer to me. 

I don‚Äôt compete for anyone, so I go back and hangout with my friends the remainder of the night. I guess I‚Äôm just lost, why go out of your way to text me, and want to get to know me, but essentially show up to the bar with a guy it looks like you‚Äôre talking to? Like yeah I thought she was pretty, but I was not pressed to get her number or anything. Anyone dealt with something similar?",dating,t5_2qhb1,https://www.reddit.com/r/dating/comments/om4ral/i_24mhad_a_friend_of_a_friend_22f_interested_in/
32,om4sy5,1626530459,Proceeding with caution,"I've (21F) been seeing this guy (25M) for a little over a week now and we've been on three dates in total, one where I spent the night. We discussed early on what we were looking for, I said I wanted a relationship, he said he wasn't necessarily looking for a relationship but was open to one and that he hoped that wasn't a dealbreaker for me (I said no, but I don't have casual sex). We have not had sex though we have a lot of passion between us and spend a lot of time doing other things and he's very attentive to what I like and don't like. We have very interesting, thought-provoking conversations and definitely have plenty to talk about when the conversation is non-sexual and often poke fun at and joke with each other. He told me that he likes me and has told me he's taking a trip in early august so he wanted to communicate that to me because I had expressed earlier how important communication was for me. Whenever we're together he always says ""next time we should XYZ"" and has given me vague invitations to events down the line and he'll stare at me when he thinks I'm not looking and even when I am looking he'll stare right into my eyes and say nothing then smile, and ask me what I'm thinking about.

Anyway, I hope that this is going somewhere but it's sorta hard to believe that it is because 1) I'm not entirely sure that we are on the same page about what we want and 2) I've been disappointed in dating before when things seemed to be going somewhere but ended up not working out. He's shown a lot more initiative in person than over the phone (we exchange a few texts everyday but no phone calls and don't have each others social media) which I don't know is more about how he communicates or shows a lower interest (I'm thinking the first thing). For now I'm going to continue to take things slow, talk to other people and date around, and see where it goes but try not to let my expectations or idea of who I want him to be ruin the course of things.

TL;DR: I like this guy but I am cautious because I've been disappointed in dating before",dating,t5_2qhb1,https://www.reddit.com/r/dating/comments/om4sy5/proceeding_with_caution/
33,om4wet,1626530759,How To Get A Girlfriend If You're SCARED TO TALK TO GIRLS!,[removed],dating,t5_2qhb1,https://www.reddit.com/r/dating/comments/om4wet/how_to_get_a_girlfriend_if_youre_scared_to_talk/
34,om4ynl,1626530986,Lonely lonely lonely,[removed],dating,t5_2qhb1,https://www.reddit.com/r/dating/comments/om4ynl/lonely_lonely_lonely/
35,om5bdx,1626532189,Need some general advice (gf related),"For context I'm a 16yo male who's had a girlfriend for the last month, I met her in school 3 years ago and we recently met up and I realised I never asked her out and I still like her. I asked her how she feels and she said she feels the same way but "" it's hard to tell "" which put doubts in my mind. My problem is that we only meet up like once or twice a week. She's told me that she wants to meet up more, but has been busy recently so she cant. She's been to the doctors and discovered that she's infertile but they don't know why and her stepdads dad has died recently which she was sad about but she wasn't very close to him so she wasn't destroyed by the situation. I'm pretty worried about her and I don't know her situation that well but I want your advice on sending her this:

""Xxxxx, I want you to know that I would appreciate spending more time with you. Sometimes I find it hard to tell whether you're busy so you're unable to hang out when you otherwise would, or you simply don't want to hang out. I want it to be clear that I will not be offended if you tell me you don't want to hang out, I understand and respect that it's your decision whether you meet up with me or not, that your life shouldn't revolve around me and you can have your own interests. It's important for you to know what I want as well as it being important for me to know what you want so that we can figure out a way for us both to be happy. I know you've said you've been busy recently and I hope you're not too stressed but I thought this message was important to send regardless &lt;3""

I want to be as open as possible with her but I'm not sure if that's off putting or not.

I'm not sure if this is too much and I'm also not sure if I should send it over message what do you think? I'd appreciate any questions/advice :))",dating,t5_2qhb1,https://www.reddit.com/r/dating/comments/om5bdx/need_some_general_advice_gf_related/
36,om5g2x,1626532630,I need some advice,"Me (13m) and my best freind/crush (13f) have been friends for over a year now, I think she is honestly so beautiful both inside and out, if I could I would cuddle her all day. I've told her I like her like 6 months ago or so but she said ""her parents don't let her date but she likes me aswell and if her parents would let her she would"" which I do believe because her parents are very strict and she is very honest.

But even though we can't date we still wanted to be close friends, I enjoy being friends, she cuddles me for two seconds it feels so nice, sometimes we accidently hold hands and smile at each right after and it feels incredible, I wish we could do it more, I've suggested going to her parents as a friend for them to get to know me first so I can hopefully gain their trust but she doesn't think it will work, I just want to be able to show her how much I love her, I sometimes really want to kiss her but I have to stop myself.

I'm not gonna do it behind her parents back because I love her too much to want to risk her getting in trouble, but I don't know how to stop feeling this way or make sure two can date.

If we are still  friends down the line when she is 16 (the age her parents will allow her to date) and end up going out, I will give her the best kiss possible and treat her amazing, I just want to be close to the girl I like alot.",dating,t5_2qhb1,https://www.reddit.com/r/dating/comments/om5g2x/i_need_some_advice/
37,om5ufw,1626533946,Friends with ex,I broke up with my boyfriend 2 months ago but I am still friends with him. We talk occasionally but I feel like our friendship is starting to fade. He used to be very attentive of my problems but now I get the feeling that he doesn't care that much. I feel so alone.,dating,t5_2qhb1,https://www.reddit.com/r/dating/comments/om5ufw/friends_with_ex/
38,om6bn4,1626535482,"NSFW: Women, you have to make higher value men chase it",[removed],dating,t5_2qhb1,https://www.reddit.com/r/dating/comments/om6bn4/nsfw_women_you_have_to_make_higher_value_men/
39,om6eal,1626535710,Am I an asshole for refusing to date women who I feel recklessly had sex with men of poor character?,Like almost every woman who is single has a story about an abusive ex or a narcissistic ex or something and I really just think there should be some responsibility on the woman to not go for men like this because it really becomes more the problem of the guys‚Äô they date in the future and not their own problem.,dating,t5_2qhb1,https://www.reddit.com/r/dating/comments/om6eal/am_i_an_asshole_for_refusing_to_date_women_who_i/
40,om6evj,1626535762,The life that I want will probably never happen,"As long as I could remember I wanted to find love, get married, and have a family. Now that I‚Äôm 31 years old and I have had my heartbroken several times by shitty women who claimed to have loved me but their actions otherwise. 

After going through those experiences, my desires have changed. I no longer want to find love, or start a family. I would want to be wanted by several women and fuck around. I have always envied good looking men who have it easy. They don‚Äôt have to have that great of a personality and they can fuck all they want. 

That‚Äôs why I bust my ass off in the gym. Maybe someday that could be me. It probably won‚Äôt be me but it doesn‚Äôt hurt to go to the gym and try. Either way, I have accepted my current dating life. I‚Äôll have days when I‚Äôm frustrated but this is how it is. Right now, women just don‚Äôt want to give me a chance and I have mostly come to peace with it.",dating,t5_2qhb1,https://www.reddit.com/r/dating/comments/om6evj/the_life_that_i_want_will_probably_never_happen/
41,om6f2v,1626535782,Should I give this guy a second chance?,"I went on a second date with a guy. First one went well. I do think he‚Äôs a nice and kind person, and thoughtful. The second date was wild. He insisted we have fun at a night club, I‚Äôm an introvert so not really my thing but I said yes. The whole experience was OK and I felt fine, but he ended up getting incredibly intoxicated. This man drank seven beers in two hours. He insisted we drive to the club with his car, so here I am, stone cold sober (I don‚Äôt drink) carrying this man to his car and driving him home. Along the way, he kept asking people for cigarettes and then he peed on the sidewalk. I just‚Ä¶ that‚Äôs just so unattractive to me. I think he‚Äôs a good person, but getting shit faced like that just doesn‚Äôt create a good impression. I don‚Äôt drink, I don‚Äôt smoke and I‚Äôm an introvert. This just is not the kind of lifestyle I want. But, I wouldn‚Äôt expect my partner to change for me. I know women try to ‚Äúimprove‚Äù or ‚Äúshape up‚Äù men but I‚Äôm not his mother. That isn‚Äôt my job. I don‚Äôt know if I should just cut my losses or have a conversation about it.",dating,t5_2qhb1,https://www.reddit.com/r/dating/comments/om6f2v/should_i_give_this_guy_a_second_chance/
42,om6kr1,1626536328,What is the key sign to know when it‚Äôs fine to start dating again after a relationship,Exgf and I had a mutual breakup of a relationship 4 months ago.  I want to start dating but I‚Äôm not sure when it‚Äôs ok to start.,dating,t5_2qhb1,https://www.reddit.com/r/dating/comments/om6kr1/what_is_the_key_sign_to_know_when_its_fine_to/
43,om6ois,1626536659,Failü§ï,"A step from the Top of the Tinder Mountain, and I decide, ‚ÄúI‚Äôll make base camp here summit tomorrow, top will still be there‚Äù. The next day a storm knocks me down to the bottom. In other words, when making out with a hot southern redhead girl, invite her up to your apt when your apt is two steps away, don‚Äôt wait for date two that may not come. Especially looking back that she was giving me all the signs‚Ä¶.",dating,t5_2qhb1,https://www.reddit.com/r/dating/comments/om6ois/fail/
44,om6pmt,1626536753,I need some advice,I (20f) have only had 2 relationships.  It‚Äôs been about 4 months sense the second one breakup and I want to start dating again.  Are there any good things that help people meet each other like dating groups or online dating such as hinge or bumble?,dating,t5_2qhb1,https://www.reddit.com/r/dating/comments/om6pmt/i_need_some_advice/
45,om6vkn,1626537301,"I love my Partner but my Partner's brother and his GF hate me so much, i don't know if it's best to stay or leave?",[removed],dating,t5_2qhb1,https://www.reddit.com/r/dating/comments/om6vkn/i_love_my_partner_but_my_partners_brother_and_his/
46,om7001,1626537658,Attractive but no luck,"So I‚Äôm 21(M), 6‚Äô3, 170lbs, decently built, have a great personality, nice vibe (from what I‚Äôm told). I catch stares from girls and I‚Äôm pretty familiar with the whole ‚Äúchoosing signal‚Äù signs or however y‚Äôall put it. Yet, I literally have no luck with girls. Being able to receive signs yet not act on it is kinda shitty. I can literally sometimes walk in a room and just feel the eyes of everyone. To be quite blunt, I think I suck at approaching women. I don‚Äôt know what I‚Äôm doing wrong or not doing enough of. A little backstory, I really did find myself as far as growing into the look I am not because throughout my teen years I have basically always been fat plus I grew up around 6 sisters being the only boy so maybe the plays a toll on my success I guess? I was also fat so girls never showed any signs of interest in me. But this past year (starting August 2020) I got myself together, lost weight and found my look. Is there ANY advice or suggestions to give me that can‚Äôt help push me over this lil barrier I seem to be stuck behind.",dating,t5_2qhb1,https://www.reddit.com/r/dating/comments/om7001/attractive_but_no_luck/
47,om71bg,1626537775,I‚Äôm addicted. Dependant. I need the distraction. The attention. But I hate dating.,"I had a bunch of dates this week, and got overwhelmed, and deleted tinder. That was the last dating app I still had, kept it longer than usual. (6 weeks?) 
Last night I had a falling out with a guy I went on five dates with. Basically he‚Äôs a player, lied to me about his intentions, I called him on it, and he left in the middle of the night. 
So today I‚Äôm feeling used and alone and depressed. Not over that loser. Just over life. 
I‚Äôm a 51 yo widow. I‚Äôve always been in relationships. This is my first time living alone since I was 22. I love it! I‚Äôve met a few hobosexuals, and generally avoid them. I‚Äôm committed to staying single this summer. Really giving dating a shot. And I thought I had the hang of it. I‚Äôm just treating the guys I meet like a friend. Going with the flow. Seeing what happens. I‚Äôm mad at myself I let that one guy into my life. But he kinda wore me down. I can‚Äôt believe he had me thinking, he was the guy who would make me want to give up dating. Because despite my intentions to stay single. I am tired of dating, and being disappointed. Love bombed then let go. 
I‚Äôm trying so hard to not download another app. I feel so weak. I keep telling myself, but maybe he‚Äôs out there. I need to keep trying. 
But what if I don‚Äôt. Why can‚Äôt I just go a day or a week or a month without being on any apps? Without the constant hello, hey, how you doin? 
Why can‚Äôt I just embrace my life, and get control of my grief, and not depend on others to distract me from my depression? 
I‚Äôm pretty well adjusted. Most of the guys I meet are into me. I get lots of attention. It‚Äôs like a high I can‚Äôt live without. Till I crash and burn. And it‚Äôs so hard constantly having to send that ‚Äúsorry I‚Äôm not interested‚Äù text after each date. 
I know I probably need therapy but figured I‚Äôd start with Reddit lol. 
So what is it? An unhealthy addiction? Or a needed outlet, a necessary step to finding the one who is truly going to treasure me. 

I met my late husband online over six years ago. He‚Äôs been gone for a year and a half. I believe in fate and I know my man is out there looking for me. Don‚Äôt I have to make the effort to find him? I am not meant to be alone. But maybe I need to be for now.",dating,t5_2qhb1,https://www.reddit.com/r/dating/comments/om71bg/im_addicted_dependant_i_need_the_distraction_the/
48,om729k,1626537869,Need help figuring out what pictures I should use for my dating profile,"I (m21) fell out of the dating game since covid started. Now I want to get back at it and I was thinking to give online dating a try.

Problem is I don't know what pictures to use. I'm in a kind of weird situation because I completly shaved my head in march 2020 and let my hair grow ever since. Now I have (for a guy at least) relatively long hair.

The thing is I don't have any interesting pictures ( vacations, events, etc.) with the way I look now because of covid. In all of my pre covid pictures I have a shaved head/short hair. 

My question is what should I do? Could I maybe use one or two pre covid pics or no? And if not is it ok if most of my pictures are selfies?",dating,t5_2qhb1,https://www.reddit.com/r/dating/comments/om729k/need_help_figuring_out_what_pictures_i_should_use/
49,om72h6,1626537890,Hook up,[removed],dating,t5_2qhb1,https://www.reddit.com/r/dating/comments/om72h6/hook_up/
50,om72ox,1626537910,Feel free to dm me,[removed],dating,t5_2qhb1,https://www.reddit.com/r/dating/comments/om72ox/feel_free_to_dm_me/
51,om772o,1626538325,"Women stop saying everything that a man does that's to his benefit is ""toxic"" or "" manipulative"" !!!! You're not owed anything just like men aren't .","This is going to come off as shit posting , but this is just an inconvenient truth for all women , especially the one's actively dating . Admittedly , men do take women out with the attention of sleeping with them at the end , but women truly believe their feelings are worth more than hard earned money men have to afford to take them out . 

Obviously no one forces these men to take these women out on dates  . And as guy , if your intention is to use this merely as way to sleep with a woman as opposed to geniuely being interested in her and trying to get to know her , most of the time it won't work , plus that's the wrong frame of mind to have , because she doesn't owe you anything . But this goes both ways, too... because she doesn't owe you her body , you don't owe her your time and a free dinners . 

Back to women. Anyone--guy or girl-- go through the comment sections of posts in this sub , and see how often the words 'manipulative' , 'toxic' or 'controlling' are used by my women to describe the majority of men . This is highly ironic and funny to me at least anyway , because these negative traits seem to be disproportionately more present in women as opposed to men . 

Understand that a lot of women download Bumble or Tinder at the end of each month when they're broke  to go on dinner dates with men they know they have zero interest in , and have zero intentions of sleeping with . If you're still not convinced , what about times when women trick men into believing that they've been celibate or have less sexual partners than they actually have just because they've been single for an extended period of time ? 

How are these behaviors that are exhibited by mostly  women not TOXIC , CONTROLLING and MANIPULATION ?! The privilege women have in the dating and sexual marketplace is REAL .",dating,t5_2qhb1,https://www.reddit.com/r/dating/comments/om772o/women_stop_saying_everything_that_a_man_does/
52,om7807,1626538409,Tumultuous relationship,"I (M37) have been dating this really awesome woman (F33). Yea she is an amazing human and overall I have been having a great time. She recently revealed that she struggles with some mental health issues that she did not feel comfortable talking about. She talked about feeling vulnerable and weak. I reassured her that I don‚Äôt see that, like at all. Well she would have down moments and she had trouble with texting. Which is okay I mean her health and well being are way more important. So before I knew this when she wouldn‚Äôt text it was really confusing. 

So I broke it off because of that. Neither of us were happy but, I made sure to keep her in my life and agreed to work on my personal issues and help with her‚Äôs too. So she recently started talking about just being friends, which I am honestly not bothered by because she is worth it and really cool woman. So one day I made some sexual comments to her and she responds with how we are just friends now and she wasn‚Äôt sure if I was joking or serious. So I said that yea I was serious but also joking. She just starts laughing her ass off. You know I am just trying to keep everything light and enjoyable. I am cool either way. Is a response like that typical? I think she still likes me personally. We still talk a lot even when I am having a tough time. She has been so helpful to me just being so cool and kind. I am 100% only worried about her health and not the relationship. I am curious though about her thoughts lol. Was she just testing me? Does she kind of want a relationship but wants to not feel vulnerable? Any help is greatly appreciated thank you!",dating,t5_2qhb1,https://www.reddit.com/r/dating/comments/om7807/tumultuous_relationship/
53,om78mg,1626538466,2 great dates followed by whiskey dick,"I (37M) went on a second date last night with a woman I met on tinder. I suggested that we go to this pretty swank place that we had talked about on the first date and we had a great time. We really had a great time on both dates, the chemistry was great, lots in common, and the attraction was very mutual. My intention was to pay for the entirety because she did the first time around, as I had told her I would on the first date, but she had told the waiter to bring her the bill while I was in the bathroom. I protested but didn't want to make a deal of it, thanked her, and told her next time is definitely on me please!

So last night we end up at my place around midnight, and we've both had a few but we were far from drunk. So I set the mood and we get down to it, and things are going nicely until I notice that I'm starting to lose my ahem virility and this is when the anxiety starts to set in, making it even worse. So I pause for a bit to just relax and take in the moment to get back into it, meanwhile I'm reassuring her it's really not you it's me let's just take a few etc.

To preface, it's odd 'cause I don't really consider myself to have ED, and my willy would easily spring to life throughout both dates as there was a lot of light touching, but I guess it isn't clutch during the big game. This has happened before as well and not recently, but once I got through the first time with my last partners I would never experience it again and it would only get better, although most of those times there was always alcohol involved.

Anyway, I'm lying down next to her in bed just chilling out for a few, and I'm starting to feel her mood wind down, and about 5 min later she gets up, tells me ""don't worry about it"". That's my queue to worry, so I reluctantly ask her to stick around cause it's gonna come back up any minute now and try to explain I'm just having a little performance anxiety, but I know that with my anxiety of her wanting to leave now coupled with all the booze it's going to be a moonshot. She seemed pissed and shot back with ""you know what? It's not even about the money, but I could've spent those 300 bucks on hanging out with my girlfriends tonight instead"", and she left.

I felt kind of bummed after that. I didn't mean to kill the mood, and I thought that was kind of tough to hear cause sparks were just flying before all this and I thought the rapport we had built could get us through that hiccup, but I digress. oh well, guess I blew it, but now I'm worried this is just going to keep happening.

TLDR: thought I had something special on my hands, Johnson wasn't clutch enough during the finals, girl got pissed and left. Must drink less (?).",dating,t5_2qhb1,https://www.reddit.com/r/dating/comments/om78mg/2_great_dates_followed_by_whiskey_dick/
54,om79k2,1626538545,She said she‚Äôs not ready am I doing the right thing?,"So I met this girl we began going on dates and such, well a few days ago we had a conversation and she revealed to me AGAIN that she is not ready for a relationship. She just got out of relationship about 8 months ago. It rubbed me the wrong way because this is the 2nd time we‚Äôve had this talk and we agreed that we would just chill‚Ä¶long story short after this conversation we had a small talk conversation I liked the message and I haven‚Äôt responded since because I‚Äôm drained by bee constantly reminding me she doesn‚Äôt want anything‚Ä¶

By not texting her am I doing the right thing to gain some leverage in this situation?",dating,t5_2qhb1,https://www.reddit.com/r/dating/comments/om79k2/she_said_shes_not_ready_am_i_doing_the_right_thing/
55,om7acp,1626538616,It is entirely reasonable for a man with no experience to want a woman with none,"How am I supposed to relate to a woman when during the time of my life when I was lonely and rejected she went through 20 dudes? Her life experience is so diametrically different it cannot be more.

How can it be 'special' when it means literally nothing to her because she has already experienced it with dozens of other men?

If she is interested now, but no-one wasn't back then, then that obviously means she doesn't want 'me', but the things that I have acquired since then be it money, physique, better looks, etc... doesn't it?",dating,t5_2qhb1,https://www.reddit.com/r/dating/comments/om7acp/it_is_entirely_reasonable_for_a_man_with_no/
56,om7aus,1626538663,Is it wrong to not date a transgender?,"Is it wrongful, transphobic or anti-LGBT to not date a trans woman? 2 weeks ago, I introduced my friend to a dating app and within 2 days, he got his first match and first date (yay!). Things were looking very promising for him. They exchanged messages and arranged a date. I was proud of him for accomplishing this so quickly.

And then tragedy struck. During the middle of the date, the woman told him that she was trans. And then my friend said in a polite way that he wouldn't date a trans woman because he's straight but would still be friends with her. Then she stormed out of the restaurant and left him alone. When he went home, he received a lot of abusive text messages from her calling him anti-LGBT, a right-wing supporter, transphobic and to name a few other offensive terms. It got so bad he had to block her.

While some dating sites/apps offer the option for transgender or it would show up in their description, her profile did not contain any of this. She was classified as a regular woman in that profile so he wasn't able to find out until she met. Not to mention the way she dressed and her body appearances looked nothing masculine (although she had a deeper than normal voice). Now would I support him even if he accepted dating her? Yes but he chose not to. We don't hate or anti-support the LGBT community. In fact we went to a pride support parade 2 years ago as straight guys. He even has friends who are MTF trans on his Facebook.

Unfortunately he has avoided dating apps because he's afraid he might end up dating another trans woman. So is it really wrongful to choose not to date a transgender as a non-LGBT person? And if you were to reject a trans woman because they're trans, how would you tell them in a kinder way? Or what would be an easier way to tell if they're trans during a dating profile if there's no mention on this?",dating,t5_2qhb1,https://www.reddit.com/r/dating/comments/om7aus/is_it_wrong_to_not_date_a_transgender/
57,om7g2n,1626539111,Possibly Lost A Great Friendship,"Long winded: I (24 M) have been friends with a (24 F) woman for 2 years now. We went to college together. She is a Muslim and is from Pakistan. I have no real religion and I'm black. She is very attractive like a solid 9/10 imo but her family wants her to date someone of a Desi background. 2 months ago we were hanging out at her place, one thing lead to another and we ended up sleeping with each other. The next day she sent me this long paragraph saying she enjoyed the experience but we can't do that anymore and she wants marriage with someone of Desi background and that she would appreciate it if we are not alone again. I was a little sad but I obliged. Long story short we saw each other 3 more times and the last time she was so mad that it happened again, and she said that if we want anything to go further I need to read the Qur'an and try to consider the Muslim faith srsly. In the time she said it she was crying and I didn't think much of it and I just said yeah I can do that. Fast forward a month plus later we are going on dates seeing each other regularly and she wants to introduce me to her parents. I had no idea but she had been telling her parents about me and although they wanted someone who is Desi they said they'd like to meet me. So when she told me I just told her I'm not rlly interested in her faith and don't rlly want to meet her parents. She flew off the handle and claimed that I just wanted to sleep with her and nothing else serious (some truth to that). It's been 2 days and she hasn't responded to my texts. 

Minus the lust, this is a really good friend of mine and I would like if she was still in my life. Any chance we can remain fwbs sex was rlly good? I'd be happy if we stayed friends too. What to do?",dating,t5_2qhb1,https://www.reddit.com/r/dating/comments/om7g2n/possibly_lost_a_great_friendship/
58,om7ice,1626539296,Possibly Just Lost A Great Friendship,"Long winded: I (24 M) have been friends with a (24 F) woman for 2 years now. We went to college together. She is a Muslim and is from Pakistan. I have no real religion and I'm black. She is very attractive like a solid 9/10 imo but her family wants her to date someone of a Desi background. 2 months ago we were hanging out at her place, one thing lead to another and we ended up sleeping with each other. The next day she sent me this long paragraph saying she enjoyed the experience but we can't do that anymore and she wants marriage with someone of Desi background and that she would appreciate it if we are not alone again. I was a little sad but I obliged. Long story short we saw each other 3 more times and the last time she was so mad that it happened again, and she said that if we want anything to go further I need to read the Qur'an and try to consider the Muslim faith srsly. In the time she said it she was crying and I didn't think much of it and I just said yeah I can do that. Fast forward a month plus later we are going on dates seeing each other regularly and she wants to introduce me to her parents. I had no idea but she had been telling her parents about me and although they wanted someone who is Desi they said they'd like to meet me. So when she told me I just told her I'm not rlly interested in her faith and don't rlly want to meet her parents. She flew off the handle and claimed that I just wanted to sleep with her and nothing else serious (some truth to that). It's been 2 days and she hasn't responded to my texts. 

Minus the lust, this is a really good friend of mine and I would like if she was still in my life. Any chance we can remain fwbs sex was rlly good? I'd be happy if we stayed friends too. What to do?",dating,t5_2qhb1,https://www.reddit.com/r/dating/comments/om7ice/possibly_just_lost_a_great_friendship/
59,om7ptb,1626539982,Anyone interested to date?,Hi I'm (21M) interested to date. And hopefully this is my first ever date. Anyone delighted to date with me can DM. Will be Waiting for you. Lol.,dating,t5_2qhb1,https://www.reddit.com/r/dating/comments/om7ptb/anyone_interested_to_date/
60,om7rlr,1626540113,What Is Love?,"Love is patient

Love is kind

Love doesn‚Äôt envy

Love doesn‚Äôt boast

Love isn‚Äôt proud

Love doesn‚Äôt dishonor others

Love isn't self-seeking

Love isn‚Äôt easily angered

Love doesn‚Äôt keep a record of wrongs

Love doesn‚Äôt delight in evil, but rejoices with the truth

Love always protects

Love always trusts

Love always hopes

Love never fails

Love is a promise

Love is mercy

Love is grace

Love is forgiveness

Love is respect

Love is treating others the way you want to be treated

Love is willingness

Love is empathy

Love is strong

Love is sacrifice

Love can be emotional

Love can be sensitive

Love can be visible

Love can be invisible

Love is all around us

Love is what we need more of.",dating,t5_2qhb1,https://www.reddit.com/r/dating/comments/om7rlr/what_is_love/
61,om7rx1,1626540142,Need dating advice?,[removed],dating,t5_2qhb1,https://www.reddit.com/r/dating/comments/om7rx1/need_dating_advice/
62,om7spi,1626540209,This is what I got last night.,[removed],dating,t5_2qhb1,https://www.reddit.com/r/dating/comments/om7spi/this_is_what_i_got_last_night/
63,om7yme,1626540723,2021 dating,[removed],dating,t5_2qhb1,https://www.reddit.com/r/dating/comments/om7yme/2021_dating/
64,om80re,1626540922,"I don't know if she still has a boyfriend, can I ask her out?","Basically I met this girl about two months ago because she knew a friend of mine (who is a close friend of mine, but does not know her that well). Talking with my friend he told me she had a boyfriend, so I decided not to think about it too much. I casually met her again doing some volunteer work and despite talking to her quite a bit, she never mentioned any boyfriend. Is it wrong to ask her out? I mean if she is still with the guy she would simply say no, it's not like she told me.",dating,t5_2qhb1,https://www.reddit.com/r/dating/comments/om80re/i_dont_know_if_she_still_has_a_boyfriend_can_i/
65,om84d8,1626541231,Does she like me?,[removed],dating,t5_2qhb1,https://www.reddit.com/r/dating/comments/om84d8/does_she_like_me/
66,om88fw,1626541557,how to get over hookup regret,"oops i hooked up with someone i really shouldn't have. i feel like i just got swept away by the moment, and it didn't hit me until the next day how messed up the whole situation was.

he took me somewhere very sketchy outside at night, did nothing to pleasure me, and essentially i felt like i was just a piece of meat to him

there were some red flags before looking back that i now am piecing together. thinking about how naive i was just makes me want to punch myself.

how do i get over feeling like an idiot for even giving this dude the time of day?",dating,t5_2qhb1,https://www.reddit.com/r/dating/comments/om88fw/how_to_get_over_hookup_regret/
67,om8als,1626541756,Is there something wrong with me?,"I‚Äôm currently 25 single, never been on a date or had sex. My friends always ask me why I haven‚Äôt found a girl yet, which does get annoying after a while.

Here‚Äôs the thing, I find most girls to be ugly, there‚Äôs a certain type I like, that I get attracted to. They aren‚Äôt 10/10 models by any means, in fact some may consider them ugly. It‚Äôs more of a personal taste that‚Äôs not conventional.

Anyway, the girls that I am attracted to never seem interested, like ever. It‚Äôs a very frustrating experience for me. It‚Äôs as if I‚Äôve been given a taste that I can‚Äôt get, if that makes sense.

My friends sometimes question if I‚Äôm straight and claim that I might be gay. This is false I have no attraction for men, I just find most girls to be ugly. It‚Äôs like an instinct that kicks in. I don‚Äôt mind being friends with some, if they‚Äôre cool and all, but never in a romantic way.

Is there something wrong with me or is this normal for most guys?",dating,t5_2qhb1,https://www.reddit.com/r/dating/comments/om8als/is_there_something_wrong_with_me/
68,om8bdz,1626541821,"I still want to talk, but they have super controlling family","Ok. So to start, I was talking to a coworker for some time and eventually we decided to date. Honestly the connection was instantaneous. We hit it off so fast, it was a little scary. There was a bit of an age gap me being (m29) and her (f19), though she turns 20 this year. Didn't bother us. We talked nonstop for weeks and were ready to date, but her parents had problems with my age. They became furious, saying she was still a teen, labelling me a pedophile, which is ridiculous. We agreed to be friends and that's fine, but the next day, she quit her job (no two weeks, just quit), blocked my phone number and my social media.

I can basically guarantee her parents made her, because she needs them for college. They are highly religious and controlling.

My problem is I'm so grief sticken with how it ended. I still want her, I still want to talk and be friends, but I can't directly get in contact with her. Short of alt accounts or something.

I feel like she must be feeling the same.

So should I just give up?",dating,t5_2qhb1,https://www.reddit.com/r/dating/comments/om8bdz/i_still_want_to_talk_but_they_have_super/
69,om8j2v,1626542471,And that my friends is true love,"Let us not be fooled by big, showy proposal and giant cards with candy bars glued to them with some cute saying or your name spelled in pepperoni by a boy who's asking you to homecoming.

That isn't the stuff that lasts and let's be honest, moms are totally helping them with those things. Watch how he treats you when Instagram isn't looking. 

That is where the signs are.
Choose the man who will carry your too heavy flowered backpack in public because he will also be the man who bails you out at ALDI's when your 40-? with a smile and a hug. ‚ò∫Ô∏è",dating,t5_2qhb1,https://www.reddit.com/r/dating/comments/om8j2v/and_that_my_friends_is_true_love/
70,om8ls6,1626542709,Nights Out,"I‚Äôm kind of an awkward introvert. Last night, I was feeling particularly ballsy and decided to get some drinks with friends, then stand around some bar somewhere and see if I‚Äôd maybe get hit on. Some random drunk chick passing by said I looked gorgeous, which was nice but other than that, absolutely nothing happened. And that brings the question‚Äîas a woman, is standing around waiting to be approached actually a thing?? I felt super dumb doing that. Haha üòÇ",dating,t5_2qhb1,https://www.reddit.com/r/dating/comments/om8ls6/nights_out/
71,om8wbx,1626543632,Massachusetts hot edging for young couple or moms missing something in life,"I‚Äôll teach and show you how to edge a woman till she explodes 
Dm me",dating,t5_2qhb1,https://www.reddit.com/r/dating/comments/om8wbx/massachusetts_hot_edging_for_young_couple_or_moms/
72,om8ytt,1626543830,Slide in dms on birthday?,"Hello, is it a good idea to slide in DMs on someone‚Äôs birthday and if so what would be a good message to let her know it‚Äôs not just wishing her a happy bday?",dating,t5_2qhb1,https://www.reddit.com/r/dating/comments/om8ytt/slide_in_dms_on_birthday/
73,om931t,1626544218,Sleepover,[removed],dating,t5_2qhb1,https://www.reddit.com/r/dating/comments/om931t/sleepover/
74,om933u,1626544224,If you want to be a man who can pick up every woman he wants come here,[removed],dating,t5_2qhb1,https://www.reddit.com/r/dating/comments/om933u/if_you_want_to_be_a_man_who_can_pick_up_every/
75,om978w,1626544594,"Take as long as you need, just don‚Äôt make me wait for a decision you‚Äôve already made.","That‚Äôs what i told her, when taking the train home from her place. 

She needed a break to work on herself and to heal from her previous heartbreak. What happens is in her hands now, it‚Äôs her decision.

She also told me she still loves me and asked me not to block her on socials so I don‚Äôt even know if she just wants her ex back or genuinely needs some time.


Should i tell her anything though, anything that might help her heal or stop the break?",dating,t5_2qhb1,https://www.reddit.com/r/dating/comments/om978w/take_as_long_as_you_need_just_dont_make_me_wait/
76,om9c0m,1626544979,befor going on a date you need to know whats his intentions,[removed],dating,t5_2qhb1,https://www.reddit.com/r/dating/comments/om9c0m/befor_going_on_a_date_you_need_to_know_whats_his/
77,om9ghg,1626545392,How do I get back into dating,"So I've (30M) spent the last 3 years single after a tough breakup and kids were involved, been through hell and back again.  Now I'm finally in a position where I feel like I want to start putting myself out there just not sure where to start as I work part and I have my kids split custody with my ex, downside is its on a 8 day rotation so I never have the same days free. I do go out for bike rides often in an attempt to get into shape however the above problem prevents me from joining any sort of permanent social biking group of some kind.  

TLDR Looking for suggestions on how to improve my dating life by increasing my social activities.",dating,t5_2qhb1,https://www.reddit.com/r/dating/comments/om9ghg/how_do_i_get_back_into_dating/
78,om9i3l,1626545546,Bored,[removed],dating,t5_2qhb1,https://www.reddit.com/r/dating/comments/om9i3l/bored/
79,om9khk,1626545760,"He's perfect, but can't screw...","My (f 23) boyfriend (m 25) is perfect in every way except that he can't screw me for shit. I'm tired that when we get together at night and/or weekends I've been slightly annoyed. I've been having to sneak toys into his bedroom and put them in secret compartments next to my bed since he doesn't know how to give a woman an orgasm. It was excusable for the first because I thought he was just rusty or inexperienced, but he's just bad. I try to hint to him about techniques he can use to satisfy me the right way except that he can't read them, brushes them off, or is confused by them to the point it's aggravating. He's perfectly satisfied and doesn't even wander his eyes to other women, but I'm internally frustrated and I'm in literal old fashioned hysterics, it's sad. How can I just tell him ""your fucking is awful, I need to educate you on female anatomy by teaching you where the clit is for starters"" in a way that doesn't bruise his ego and have him dump me? Is it ungrateful to want my boyfriend who already satisfies me emotionally and mentally by working through my high maintenance emotional baggage, mental disorders, and overall needy nature while still loving me the same to fuck me right and more often? How can I help my boyfriend stop making sex a chore?",dating,t5_2qhb1,https://www.reddit.com/r/dating/comments/om9khk/hes_perfect_but_cant_screw/
80,om9n34,1626545989,How do you go out and find someone to date that doesn‚Äôt involve apps now a days?,"I broke up with my ex girlfriend a few months ago (we met on Bumble) but now I‚Äôm ready to get back at it. The only issue is there really isn‚Äôt any matches in my city, it‚Äôs not small but it‚Äôs not a popular one for apps anyways.

Beyond that I don‚Äôt really know where to meet people, I was never really the biggest dater and I‚Äôm already out of school! Any ideas?",dating,t5_2qhb1,https://www.reddit.com/r/dating/comments/om9n34/how_do_you_go_out_and_find_someone_to_date_that/
81,om9u1a,1626546580,Athletic Build??,"Hey everyone, simple question here for the guys and gals on dating sites....

Does anyone else find that those in OLD that say they are athletic build are actually lying? I know Average build means almost always overweight to nearly obese.
I met a really nice woman for a meet up and she was nothing like Athletic build. She was honestly quite overweight. She was as advertised 5'5, but at least 180...sort of cube like. 
I hate being put in that position of being duped. 
Have you experienced this as well?",dating,t5_2qhb1,https://www.reddit.com/r/dating/comments/om9u1a/athletic_build/
82,om9w2b,1626546755,I have this problem where if I meet a girl online or IRL I go all in because of my all or nothing personality,"I met this girl on Bumble,  we've had good conversations.  I haven't met this girl yet but I talked with her on the phone for two hours and I'm scared I am getting to excited too quickly (meaning I am trying to text her and be funny and witty as much as I can.)  

&amp;#x200B;

The problem is I feel like I am eventually going to burn out of things to say and she'll loose interest.  Maybe I'm just insecure because I know she is really attractive and I know she can talk to other guys on Bumble but I don't know how to cool myself and let the conversations over text run it's course.

&amp;#x200B;

I spoke with my therapist about this yesterday and she told me it's not a bad thing that I go all in,  but that I need to put boundaries in front of myself so I don't go overboard and get upset if I get rejected.  I also apparently have this fear that if I put my foot off the gas pedal so to speak she will loose interest in me.  

&amp;#x200B;

Another problem I am facing with this girl is that I am moving from the city I am in next month and when I asked her how she felt about all this she said she can't tell me over text alone,  only during our date this Friday she will know.",dating,t5_2qhb1,https://www.reddit.com/r/dating/comments/om9w2b/i_have_this_problem_where_if_i_meet_a_girl_online/
83,om9xms,1626546907,How i can be more open to girls and people,Ik some girls have some different ways of getting attention I'm trying to do my best to get attention to them i just want to know why they say I'm good to be true or something like that i just want to know what's the best way to get attention to someone i like or good things to get a Convo going in really social and i like to meet new people it's just i find it hard to keep a Convo going,dating,t5_2qhb1,https://www.reddit.com/r/dating/comments/om9xms/how_i_can_be_more_open_to_girls_and_people/
84,oma6se,1626547700,Can someone check my bio on dating site?,[removed],dating,t5_2qhb1,https://www.reddit.com/r/dating/comments/oma6se/can_someone_check_my_bio_on_dating_site/
85,oma8hv,1626547858,I want to start dating when I go back to college in August. Are dating apps a good idea? (Besides going out and meeting people),I want to start dating when I go back to college in August.  Are dating apps a good idea?,dating,t5_2qhb1,https://www.reddit.com/r/dating/comments/oma8hv/i_want_to_start_dating_when_i_go_back_to_college/
86,oma9xj,1626547991,What does it mean if a guy says (playfully) that we will fight?,"
We‚Äôve been flirting a lot and basically sexting. we were having a regular convo now, where I suggested to do X and he said ‚Äúwell that X better be good otherwise we gonna fight‚Äù

i‚Äôm not native English speaker, what do guys actually mean by fighting with girls in this context? üòÇ",dating,t5_2qhb1,https://www.reddit.com/r/dating/comments/oma9xj/what_does_it_mean_if_a_guy_says_playfully_that_we/
87,omaaw7,1626548084,How tf do you flirt,[removed],dating,t5_2qhb1,https://www.reddit.com/r/dating/comments/omaaw7/how_tf_do_you_flirt/
88,omadv2,1626548336,Date where you can‚Äôt talk?,"I haven‚Äôt dated in awhile after a broken engagement. I recently put myself back out there, and I had someone ask me to go out. He wants to go linedancing at a bar. 

I‚Äôve been before, it‚Äôs always super loud and obviously not made for talking. Am I crazy for being a little put off since it won‚Äôt be an environment where we really get to talk and get to know each other?",dating,t5_2qhb1,https://www.reddit.com/r/dating/comments/omadv2/date_where_you_cant_talk/
89,omagp1,1626548558,"I have a big crush on a guy, but I can‚Äôt seem to talk to him...","I get so nervous and self conscious around this guy. I want to go up to him and at least initiate a normal conversation, maybe even compliment him, but all I think about it being knocked down and rejected. Any advice?",dating,t5_2qhb1,https://www.reddit.com/r/dating/comments/omagp1/i_have_a_big_crush_on_a_guy_but_i_cant_seem_to/
90,omahip,1626548636,"Girls of Reddit, do you prefer guys that have abs or dad bods?",[removed],dating,t5_2qhb1,https://www.reddit.com/r/dating/comments/omahip/girls_of_reddit_do_you_prefer_guys_that_have_abs/
91,omajo7,1626548847,Do guys liked to get approached by females? Is it a turn off?,[removed],dating,t5_2qhb1,https://www.reddit.com/r/dating/comments/omajo7/do_guys_liked_to_get_approached_by_females_is_it/
92,omakvg,1626548964,Am I letting my insecurities get to me?,"I been talking to this girl since November she started nursing school in February. We speak on the phone everyday. We first met at the end February and we only have sex once in March at my place. We met late because she claims that she was to busy with work, getting ready for nursing school, and a little heartbroken because she and some guy she was talking to stopped seeing each other. Which is weird because she matched with me and was pursuing me. She calls me everyday but we barely spend time with each other because she is busy with nursing school and she lives 1 hour away from me. The time we do spend time together is at restaurants at her area. When she does talk about her plans whenever she has free time she never mention us doing stuff together. I also get insecure and quiet when she tells how much time she would spend last summer with some guy she was talking to. They would go on trips together and always go out.",dating,t5_2qhb1,https://www.reddit.com/r/dating/comments/omakvg/am_i_letting_my_insecurities_get_to_me/
93,oman7w,1626549191,She interested?,If I go to Starbucks and as I start turning to leave the store and a girl says bye to me is she interested in me?,dating,t5_2qhb1,https://www.reddit.com/r/dating/comments/oman7w/she_interested/
94,omap2z,1626549348,US Girl wanted,"Hey. Looking to chat with woman aged between 30-40. 

Feel free to message me for genuine chats. üòä",dating,t5_2qhb1,https://www.reddit.com/r/dating/comments/omap2z/us_girl_wanted/
95,omar7b,1626549522,Can I salvage this friendship?,"
Met a girl at my retail job about a year ago. Started talking to her and she started joining me on my breaks at work just about everyday we worked together. She immediately caught my interest as in my experience girls who are not interested do not go out of their way to talk to me or take breaks with me

Over the next 6 months i started to get to know her better in time we spent talking on our breaks. These talks would usually end up going 5-15 minutes over our scheduled break time once we got to know each other better. 

She started asking me more personal questions about my life, interests, and school. Alot more personal questions than ive ever had with any other co workers. She would ask about my family and follow up on the things I told her. 

She told me a lot about herself as well and always seemed excited to sit down and talk with me. She always wanted to know what I was up to on the weekends and told me she wanted to go to some museum once the pandemic was over. 

She even mensioned to me that she was single on valentines day and asked if i gad any plans. Then proceeded to randomly tell me that a few coworkers hit on her but she wasn‚Äôt interested. I changed the topic as i was un comfterbal. 

After about 6 months i finally got up the nerve to ask for her number. She gave it to me with no hesitation.  Texted her the next day and we texted back and forth about 6 times until i got distracted and didn‚Äôt get back to her until the next day. Texted her the next day and had to go to bed early and left the convo. 

The next day I texted her but got no response‚Ä¶ thought i was ghosted but then texted her a day or two after and she texted back  I then asked her if she wanted to go out on a date to which she said she didn‚Äôt think she could because she had a brother with health issues and may me vulnerable to the pandemic. I thought this was her way of rejecting me. 

I told her i understood and I wouldn‚Äôt talk to her anymore. I understand how awkward it can be to be asked out and I didn‚Äôt want her to be un comfterbal. She said I didn‚Äôt need to do that as she really enjoyed our relationship. She told me to treat her the same and said a few other things that confirmed she understood I asked her out. 

Didn‚Äôt talk to her or hear from her until I saw her at work next. I tried to avoid her but that was impossible once she sat down with my on my break. We talked for an hour and the topic of that never came up. I didn‚Äôt know where I stood or how she felt about the whole thing. I decided i just needed to get over her

I texted her a few days later and asked her if it was ok if she could not talk to me at work because I needed to get over my feelings for her. I also told her I thought she was a cool person and was my friend, but I just needed some time but id like to remain friends. 

She told me that she was into someone else and I tried to convince her to shoot her shot because i thought we were just friends at this point. She agreed to being friends and I thought everything was fine until the next time i saw her she seemed very upset. 

It was not my intention to hurt her in any way, i just didn‚Äôt want her to feel uncomfterbal or anything like that. I texted her that afternoon and said it was ok if she wanted to talk to me at work again but i got no response

She seems to be aware and knows when people are hitting on her. She seemed used to it so idk why she wouldn‚Äôt just tell me she wasn‚Äôt interested. 

I went up and tried to apologize to her the next time i saw her but she wouldn‚Äôt even face me and said she just wanted to be vague. 

Today I was sitting in the break room alone minding my own business then she sat down across the room. My friend called me and after 30 seconds of talking to her on the phone, she gets up and hurries out of the break room. Just kinda weird. 

Tl;dr: met this girl a while ago. Thought she was interested but she wasn‚Äôt... now its messing me up in future interactions because now i dont know whats just being friendly and whats interest. I dony want to put anyone in an uncomfterbal spot.",dating,t5_2qhb1,https://www.reddit.com/r/dating/comments/omar7b/can_i_salvage_this_friendship/
96,omawr6,1626550016,Talking with a girl about feelings and past reasons,"Maybe this is a stupid question and I probably get the answers I'm expect, but anyway.

&amp;#x200B;

I\[25M\] met this girl \[25\] 3 weeks ago. We also had 3 Dates and at the end of the last Date I'd say I confessed her my feelings. I wrote that in that way, because I just told her, that I really like to be with her and that I like her very much. 

Because we both have almost no experiences in dating this moment was quite embarrassing. But I did it and she respond that she also likes to be with me and she also likes me very much.

Now we are planning our 4th date.

&amp;#x200B;

Anyway the point, why I want to post this is the following.

I plan to open up to her a lot. I want to tell her what I feel and what I think. And in my head there is the idea to go a little further. She is a girl that doesn't write much (actually she hates chatting)

She is also quite busy at the moment. She works in the Kindergarden and this is closing in the next days, so she has much to think of and to do. Also her best friend marry this weekend and so she is on her wedding. And on top of that, her father has cancer, but in this case she doesn't seemed really bothered for now (she told me why, but for this post it is not really important).

So the last day I've heard from her was Wednesday. I asked her, when she has time for our next date and she told me that this week is full of other meetings (she is in clubs) and the next week she will go on holyday with his brother, but she don't know when exactly. she told me that she knows when we can see at weekend, but she really want to see me again. I don't doubt that, because the feeling I felt when I told her my feelings was real. I mean I felt that she also felt something. But this is not important for this at all.

I'm kind of an insecure person due to some events in the past. She knows that, and I already told her that I meet a therapist.

The reason why I tell you that is that I want you to know why I want to ask her how she feels and thinks about me between our dates. So I mean, I think very much of her. The whole day, I want to be with her, I want to speak with her, and so on. And I want to know if she also thinks that way. And if so, I want to know why she doesn't have the need to write with me.

But I'm afraid this could sound a bit creepy or so. So what do you think?

&amp;#x200B;

As I said I'm pretty inexperienced but I'm also very curious and want to know as much as possible. Therefor I also plan to ask her what was wrong with the dates before me (she had 2 or 3). I just want to know why it didn't work out for them. Is this a question for the 4th date, or would you wait with that? (I know this is not important, because she's seeing me, but I'm really curious)",dating,t5_2qhb1,https://www.reddit.com/r/dating/comments/omawr6/talking_with_a_girl_about_feelings_and_past/
97,omaz68,1626550238,No prior experience,"What was it like when you first dated somebody, I mean not how the date went, but, how did your life/lifestyle change after you entered in the dating situation?",dating,t5_2qhb1,https://www.reddit.com/r/dating/comments/omaz68/no_prior_experience/
98,omb1ta,1626550491,Where to find really hot girls?,"Where are some high-likelihood spots where really hot girls can be found? Don‚Äôt say the grocery store, everyone goes to the fcking grocery store. I want to know where high end girls can be found. High end restaurants and hotel bars is a start. Go.",dating,t5_2qhb1,https://www.reddit.com/r/dating/comments/omb1ta/where_to_find_really_hot_girls/
